school_nm,school_gbn,estab_dt,estab_gbn,addr,lon,lat
서신중학교,중학교,1956-04-01,사립,경기도 화성시 서신면 상안리 872,126.7005959,37.1695636
청연초등학교,초등학교,2025-03-01,공립,경기도 화성시 비봉면 삼화리 1854,126.8673577,37.24643696
여울초등학교,초등학교,2021-03-01,공립,경기도 화성시 오산동 987,127.0889469,37.19510443
한백고등학교,고등학교,2016-06-03,공립,경기도 화성시 영천동 696,127.1133605,37.20763155
수영초등학교,초등학교,2008-03-01,공립,경기도 화성시 봉담읍 수영리 143-1,126.9542831,37.23617759
마산초등학교,초등학교,1949-09-27,공립,경기도 화성시 송산면 마산리 326-3,126.6918993,37.23180131
남양고등학교,고등학교,1954-04-09,공립,경기도 화성시 남양읍 남양리 1633-1,126.8234064,37.2079709
정남중학교,중학교,1963-04-20,공립,경기도 화성시 정남면 신리 85,126.9786516,37.1651297
안용중학교,중학교,1969-02-28,사립,경기도 화성시 송산동 97-7,127.0190498,37.20588892
삼괴고등학교,고등학교,1960-05-10,사립,경기도 화성시 우정읍 조암리 139,126.8222924,37.08982064
동양초등학교,초등학교,2005-03-01,공립,경기도 화성시 남양읍 남양리 1651,126.8221898,37.20699234
이솔초등학교,초등학교,2021-03-01,공립,경기도 화성시 장지동 967,127.109722,37.16322375
비봉초등학교,초등학교,1931-04-23,공립,경기도 화성시 비봉면 삼화리 537,126.8690057,37.23701249
활초초등학교,초등학교,1950-06-01,공립,경기도 화성시 남양읍 안석리 232-1,126.8250998,37.17879002
화성세정중학교,중학교,2022-03-01,공립,경기도 화성시 산척동 741,127.1247594,37.16716681
학동초등학교,초등학교,2006-12-01,공립,경기도 화성시 반송동 81,127.0660513,37.20528356
양감중학교,중학교,1983-07-27,공립,경기도 화성시 양감면 신왕리 475-1,126.951662,37.08148848
화도중학교,중학교,1954-10-07,사립,경기도 화성시 마도면 석교리 212,126.7752047,37.20499973
한울초등학교,초등학교,2008-09-01,공립,경기도 화성시 향남읍 행정리 442,126.9178538,37.12696147
남양중학교,중학교,1953-04-22,공립,경기도 화성시 남양읍 남양리 1663,126.8215994,37.20792368
팔탄초등학교,초등학교,1922-04-04,공립,경기도 화성시 팔탄면 구장리 522-1,126.9023219,37.16005653
푸른초등학교,초등학교,2008-03-01,공립,경기도 화성시 능동 1136,127.0552901,37.20238958
두레자연고등학교,고등학교,1999-03-05,사립,경기도 화성시 우정읍 화산리 692-11,126.7957736,37.05938617
송화초등학교,초등학교,2000-09-01,공립,경기도 화성시 병점동 465-5,127.0396665,37.20184656
장명초등학교,초등학교,1944-04-01,공립,경기도 화성시 장안면 장안리 152,126.8521592,37.05658023
남양초등학교,초등학교,1898-10-01,공립,경기도 화성시 남양읍 남양리 650-1,126.8155734,37.21038035
솔빛초등학교,초등학교,2007-09-01,공립,경기도 화성시 반송동 133,127.0737903,37.1967436
병점중학교,중학교,2005-05-06,공립,경기도 화성시 병점동 825,127.0400539,37.210361
화성동화중학교,중학교,2007-10-17,공립,경기도 화성시 봉담읍 동화리 631,126.9623034,37.21386594
기산중학교,중학교,2007-03-01,공립,경기도 화성시 기산동 469,127.0524467,37.219205
배양초등학교,초등학교,2005-03-01,공립,경기도 화성시 배양동 76,126.9887553,37.21885531
와우고등학교,고등학교,2023-03-01,공립,경기도 화성시 봉담읍 동화리 237,126.9668641,37.21952636
화산초등학교,초등학교,1934-03-31,공립,경기도 화성시 송산동 146-9,127.0135239,37.21142627
치동고등학교,고등학교,2024-03-01,공립,경기도 화성시 영천동 791,127.0916951,37.2076057
도이초등학교,초등학교,2008-10-01,공립,경기도 화성시 향남읍 행정리 476,126.9261309,37.13263324
고정초등학교,초등학교,1960-04-30,공립,경기도 화성시 송산면 고정리 1103,126.738112,37.23771628
구봉초등학교,초등학교,2004-09-01,공립,경기도 화성시 병점동 862,127.0448126,37.20565996
서경초등학교,초등학교,2020-03-01,공립,경기도 화성시 기산동 477,127.0508398,37.21701887
치동중학교,중학교,2022-03-01,공립,경기도 화성시 영천동 790,127.0916964,37.20853778
화담중학교,중학교,2025-03-01,공립,경기도 화성시 봉담읍 상리 676 Jul-53,126.9428604,37.23192765
기산초등학교,초등학교,2004-09-15,공립,경기도 화성시 반월동 705-4,127.0507334,37.22460078
동탄고등학교,고등학교,2007-03-01,공립,경기도 화성시 반송동 60,127.0603836,37.20414063
나루고등학교,고등학교,2009-05-04,공립,경기도 화성시 반송동 179,127.0719398,37.18656401
반석초등학교,초등학교,2007-09-01,공립,경기도 화성시 반송동 223,127.0783219,37.1936879
서연고등학교,고등학교,2020-03-01,공립,경기도 화성시 장지동 973,127.1114322,37.16081906
정남초등학교,초등학교,1930-04-01,공립,경기도 화성시 정남면 발산리 409-1,126.9841516,37.1678223
반송고등학교,고등학교,2008-03-01,공립,경기도 화성시 반송동 213,127.0777778,37.19276804
팔탄초등학교대방분교장,초등학교,1966-09-02,공립,경기도 화성시 팔탄면 노하리 173-1,126.8701572,37.16190364
발안초등학교,초등학교,1935-05-01,공립,경기도 화성시 향남읍 행정리 392-2,126.9123884,37.13041863
삼괴중학교,중학교,1954-05-10,사립,경기도 화성시 우정읍 조암리 139,126.8222924,37.08982064
병점초등학교,초등학교,1949-09-01,공립,경기도 화성시 진안동 517-2,127.0338907,37.21024362
예원초등학교,초등학교,2012-11-01,공립,경기도 화성시 석우동 52,127.076189,37.21116575
와우중학교,중학교,2008-03-01,공립,경기도 화성시 봉담읍 동화리 238-63,126.9660071,37.2191393
호연초등학교,초등학교,2021-03-01,공립,경기도 화성시 장지동 925,127.1046985,37.16277708
두레자연중학교,중학교,2004-03-01,사립,경기도 화성시 우정읍 화산리 692-11,126.7957492,37.05935325
안녕초등학교,초등학교,2006-03-01,공립,경기도 화성시 안녕동 50-8,127.0085343,37.20589222
병점고등학교,고등학교,2004-03-01,공립,경기도 화성시 병점동 861,127.0437159,37.20585454
동탄국제고등학교,고등학교,2011-03-01,공립,경기도 화성시 반송동 203,127.0783391,37.18920635
화성벌말초등학교,초등학교,2004-09-01,공립,경기도 화성시 병점동 415-2,127.0379586,37.2025813
갈담초등학교,초등학교,1946-09-05,공립,경기도 화성시 봉담읍 유리 86,126.932909,37.17514004
동학중학교,중학교,2002-05-16,공립,경기도 화성시 반월동 184-8,127.0581592,37.23298711
석천초등학교,초등학교,1948-03-27,공립,경기도 화성시 우정읍 석천리 52-3,126.7887413,37.05515175
한마음초등학교,초등학교,2008-03-01,공립,경기도 화성시 능동 1117,127.0563591,37.20859344
와우초등학교,초등학교,2007-09-01,공립,경기도 화성시 봉담읍 동화리 188,126.9719098,37.22010434
반송중학교,중학교,2007-09-01,공립,경기도 화성시 반송동 198,127.0710854,37.19024001
세정초등학교,초등학교,2019-08-22,공립,경기도 화성시 산척동 408-5,127.1260411,37.16678823
행정초등학교,초등학교,2008-10-01,공립,경기도 화성시 향남읍 행정리 493,126.9236168,37.12664265
청원초등학교,초등학교,1946-12-11,공립,경기도 화성시 마도면 청원리 228-4,126.7608922,37.18820787
화성장안초등학교석포분교장,초등학교,1952-04-01,공립,경기도 화성시 장안면 석포리 404,126.8407081,37.1312127
푸른중학교,중학교,2008-03-01,공립,경기도 화성시 능동 1135,127.056597,37.20235319
화담고등학교,고등학교,2025-03-01,공립,경기도 화성시 봉담읍 상리 680 50-20,126.9424088,37.22925666
마도초등학교,초등학교,1934-11-21,공립,경기도 화성시 마도면 석교리 248,126.7726627,37.20418423
율목초등학교,초등학교,2007-09-01,공립,경기도 화성시 반월동 879,127.0643495,37.23705501
화성장안초등학교,초등학교,1923-06-01,공립,경기도 화성시 장안면 어은리 812,126.823874,37.08604329
반송초등학교,초등학교,2007-09-01,공립,경기도 화성시 반송동 199,127.070177,37.19076668
서신초등학교,초등학교,1932-05-01,공립,경기도 화성시 서신면 매화리 333,126.7078399,37.17011249
예당초등학교,초등학교,2008-09-01,공립,경기도 화성시 석우동 54,127.0752137,37.21058745
장안여자중학교,중학교,1973-05-04,사립,경기도 화성시 장안면 사곡리 1,126.8163354,37.07765669
수기초등학교,초등학교,2000-09-01,공립,경기도 화성시 봉담읍 수기리 34-4,126.9813231,37.20162367
수현초등학교,초등학교,2020-09-01,공립,경기도 화성시 봉담읍 수영리 688,126.950317,37.22752589
향남초등학교,초등학교,1925-05-15,공립,경기도 화성시 향남읍 백토리 551,126.9429182,37.1196974
봉담고등학교,고등학교,2008-03-01,공립,경기도 화성시 봉담읍 동화리 570,126.9538902,37.21786869
정림초등학교,초등학교,1950-06-01,공립,경기도 화성시 정남면 망월리 329-1,127.0116502,37.1530421
청룡초등학교,초등학교,1949-09-27,공립,경기도 화성시 비봉면 청요리 571,126.8886257,37.20084555
화성월문초등학교,초등학교,1949-09-06,공립,경기도 화성시 팔탄면 월문리 192,126.8726984,37.11888442
비봉중학교,중학교,1961-03-02,사립,경기도 화성시 비봉면 양노리 259-3,126.8726901,37.23724717
석우중학교,중학교,2007-03-01,공립,경기도 화성시 반송동 84,127.0704255,37.20830479
화성중학교,중학교,1949-05-18,사립,경기도 화성시 향남읍 장짐리 161,126.9064904,37.13902926
안화중학교,중학교,2004-09-01,공립,경기도 화성시 병점동 853,127.0485705,37.21111875
능동중학교,중학교,2008-03-01,공립,경기도 화성시 능동 1082,127.0614267,37.21224018
향일고등학교,고등학교,2012-03-01,공립,경기도 화성시 향남읍 행정리 439,126.9178966,37.12928624
송라초등학교,초등학교,1937-04-01,공립,경기도 화성시 매송면 송라리 585,126.8886245,37.27306194
수현중학교,중학교,2021-05-01,공립,경기도 화성시 봉담읍 수영리 691,126.9508227,37.22638096
비봉고등학교,고등학교,1967-10-05,사립,경기도 화성시 비봉면 양노리 259-3,126.8726119,37.23724717
서연중학교,중학교,2019-09-01,공립,경기도 화성시 장지동 972,127.1102152,37.16088657
동화초등학교,초등학교,2007-09-01,공립,경기도 화성시 봉담읍 동화리 606,126.9613628,37.21532013
능동고등학교,고등학교,2010-03-01,공립,경기도 화성시 능동 1086,127.0575058,37.21390891
송산중학교,중학교,1953-09-30,사립,경기도 화성시 송산면 사강리 551,126.7306439,37.21535671
사창초등학교,초등학교,1948-09-01,공립,경기도 화성시 양감면 사창리 409,126.9730915,37.09200273
해운초등학교,초등학교,1960-04-01,공립,경기도 화성시 서신면 궁평리 162-4,126.7037872,37.14005466
태안초등학교,초등학교,2004-10-04,공립,경기도 화성시 병점동 824,127.0408656,37.21065951
화성매송초등학교,초등학교,1933-11-01,공립,경기도 화성시 매송면 원평리 67-1,126.9282436,37.24980641
상봉초등학교,초등학교,2007-09-01,공립,경기도 화성시 봉담읍 동화리 569,126.954942,37.21816941
송산초등학교,초등학교,1920-11-06,공립,경기도 화성시 송산면 사강리 701,126.7319598,37.21463742
화성바른초등학교,초등학교,2025-08-18,공립,경기도 화성시 동탄면 신리 226-3,127.1391223,37.18200072
안화초등학교,초등학교,2004-03-01,공립,경기도 화성시 병점동 851,127.0473692,37.21284997
우정초등학교,초등학교,1936-11-01,공립,경기도 화성시 우정읍 조암리 619,126.8003518,37.08151771
현민초등학교,초등학교,2025-08-18,공립,경기도 화성시 동탄면 목리 산13,127.1299753,37.18273595
화성금곡초등학교,초등학교,2007-03-01,공립,경기도 화성시 반송동 78,127.0662175,37.19863407
기안초등학교,초등학교,1968-03-01,공립,경기도 화성시 기안동 226,126.9821274,37.22536277
갈천초등학교,초등학교,1961-03-10,공립,경기도 화성시 향남읍 갈천리 156-1,126.9804858,37.12724576
숲속초등학교,초등학교,2010-05-01,공립,경기도 화성시 반송동 56,127.060485,37.20611415
진안초등학교,초등학교,2004-09-01,공립,경기도 화성시 진안동 915,127.040545,37.21700472
기안중학교,중학교,2005-03-01,공립,경기도 화성시 기안동 365,126.9753192,37.22434165
안화고등학교,고등학교,2007-03-01,공립,경기도 화성시 병점동 852,127.0484625,37.2119228
신백중학교,중학교,2020-03-01,공립,경기도 화성시 남양읍 남양리 2057,126.8302503,37.20343745
양감초등학교,초등학교,1933-01-19,공립,경기도 화성시 양감면 신왕리 475-1,126.951662,37.08148848
신남초등학교,초등학교,2022-09-01,공립,경기도 화성시 남양읍 신남리 1575,126.8177628,37.19138969
화남초등학교,초등학교,1955-05-06,공립,경기도 화성시 장지동 915,127.0960756,37.16385863
노진초등학교,초등학교,1968-03-01,공립,경기도 화성시 장안면 노진리 506-6,126.8091907,37.05160265
진안중학교,중학교,2001-01-15,공립,경기도 화성시 진안동 857-1,127.0378176,37.2165232
제암초등학교,초등학교,2003-09-01,공립,경기도 화성시 향남읍 발안리 299,126.9021135,37.13115334
향남고등학교,고등학교,2009-05-06,공립,경기도 화성시 향남읍 행정리 488,126.9262361,37.12888636
봉담초등학교,초등학교,1933-05-15,공립,경기도 화성시 봉담읍 상리 39-10,126.9473597,37.22280569
한백초등학교,초등학교,2015-05-01,공립,경기도 화성시 영천동 715,127.1147183,37.20836252
발안바이오과학고등학교,고등학교,1954-07-07,공립,경기도 화성시 향남읍 평리 62-1,126.9170045,37.13293438
동학초등학교,초등학교,2001-06-25,공립,경기도 화성시 반월동 165-2,127.0594727,37.23308253
홍익디자인고등학교,고등학교,1972-12-26,사립,경기도 화성시 기안동 460-97,126.9796299,37.2167924
향남중학교,중학교,2008-09-01,공립,경기도 화성시 향남읍 행정리 481,126.9277544,37.12873445
석우초등학교,초등학교,2007-03-01,공립,경기도 화성시 반송동 20,127.0681992,37.20927868
발안중학교,중학교,1950-05-15,공립,경기도 화성시 향남읍 평리 63-18,126.9187019,37.13284524
화성청계초등학교,초등학교,2015-06-05,공립,경기도 화성시 청계동 518,127.1021055,37.199192
화성신동초등학교,초등학교,2023-03-01,공립,경기도 화성시 신동 산 187-1,127.1310568,37.17490244
예당중학교,중학교,2011-05-15,공립,경기도 화성시 석우동 61-1,127.0792785,37.20806531
대양초등학교,초등학교,2017-09-01,공립,경기도 화성시 남양읍 남양리 2311,126.8217315,37.20031947
봉담중학교,중학교,2000-03-01,공립,경기도 화성시 봉담읍 상리 11-40,126.9533521,37.21655105
늘봄초등학교,초등학교,2021-03-01,공립,경기도 화성시 영천동 885,127.1098102,37.21736028
무봉초등학교,초등학교,2015-03-01,공립,경기도 화성시 청계동 549,127.1168058,37.20298743
치동초등학교,초등학교,2017-06-01,공립,경기도 화성시 영천동 789,127.0915676,37.20655283
동탄초등학교,초등학교,1923-06-06,공립,경기도 화성시 오산동 1005,127.0911507,37.18903472
청목초등학교,초등학교,2015-06-30,공립,경기도 화성시 청계동 539,127.1174309,37.19577115
화성반월고등학교,고등학교,2015-06-05,공립,경기도 화성시 반월동 945,127.0550943,37.22471178
청연중학교,중학교,2025-03-01,공립,경기도 화성시 비봉면 삼화리 1909,126.87423,37.24217066
영천초등학교,초등학교,2015-03-01,공립,경기도 화성시 영천동 671,127.1045574,37.20570766
청림중학교,중학교,2018-03-01,공립,경기도 화성시 산척동 719,127.1113514,37.17164271
이산중학교,중학교,2017-05-01,공립,경기도 화성시 오산동 1000,127.0891727,37.19116497
왕배초등학교,초등학교,2016-10-01,공립,경기도 화성시 목동 446,127.1135952,37.18017972
화성신동중학교,중학교,2025-03-01,공립,경기도 화성시 신동 산187-1,127.1310568,37.17490244
다원중학교,중학교,2018-03-01,공립,경기도 화성시 영천동 870,127.1048231,37.21050721
창의고등학교,고등학교,2017-03-02,공립,경기도 화성시 목동 495,127.120726,37.18003972
상신초등학교,초등학교,1952-09-04,공립,경기도 화성시 향남읍 상신리 1325,126.8983829,37.09909078
동탄중앙초등학교,초등학교,2015-05-01,공립,경기도 화성시 청계동 529,127.1112669,37.19928404
아인초등학교,초등학교,2015-04-06,공립,경기도 화성시 청계동 515,127.1052936,37.20083859
방교중학교,중학교,2016-09-01,공립,경기도 화성시 송동 688,127.1014114,37.17474632
서연초등학교,초등학교,2018-03-01,공립,경기도 화성시 장지동 979,127.1137726,37.15976339
화성반월초등학교,초등학교,2015-05-01,공립,경기도 화성시 반월동 947,127.0592312,37.22359053
예솔초등학교,초등학교,2016-11-01,공립,경기도 화성시 청계동 553,127.1193973,37.19655044
동탄중학교,중학교,1986-03-01,공립,경기도 화성시 청계동 528,127.1090809,37.19901116
하길중학교,중학교,2015-11-03,공립,경기도 화성시 향남읍 하길리 1510,126.9088459,37.11225847
동탄중앙고등학교,고등학교,2015-10-08,공립,경기도 화성시 청계동 531,127.1104241,37.20125793
예당고등학교,고등학교,2008-03-01,공립,경기도 화성시 석우동 61,127.0802397,37.20845778
화성상신중학교,중학교,2025-03-01,공립,경기도 화성시 향남읍 상신리 1324,126.8992901,37.09792485
화원초등학교,초등학교,2015-03-01,공립,경기도 화성시 향남읍 하길리 1506,126.9190641,37.11170675
신동고등학교,고등학교,2025-03-01,공립,경기도 화성시 신동 산163-2,127.1366328,37.17471899
방교초등학교,초등학교,2016-12-01,공립,경기도 화성시 송동 689,127.1015231,37.17326405
효행초등학교,초등학교,2017-03-01,공립,경기도 화성시 봉담읍 와우리 592,126.9682075,37.21596526
화성화수초등학교,초등학교,1931-04-01,공립,경기도 화성시 우정읍 화수리 834-13,126.7970297,37.10913579
한백중학교,중학교,2015-05-04,공립,경기도 화성시 영천동 698,127.1141301,37.20656172
이산고등학교,고등학교,2018-05-21,공립,경기도 화성시 오산동 999,127.0872534,37.1909686
하길초등학교,초등학교,2016-04-01,공립,경기도 화성시 향남읍 하길리 1-9,126.9040759,37.11560646
정현고등학교,고등학교,2019-05-24,공립,경기도 화성시 산척동 705,127.1114038,37.17352234
하길고등학교,고등학교,2016-05-06,공립,경기도 화성시 향남읍 하길리 1509,126.9105458,37.1118639
동탄목동중학교,중학교,2019-05-15,공립,경기도 화성시 목동 484,127.1264225,37.18861063
화성반월중학교,중학교,2015-06-12,공립,경기도 화성시 반월동 946,127.0542861,37.22388567
청계중학교,중학교,2015-05-01,공립,경기도 화성시 청계동 517,127.1031575,37.19945672
동탄목동초등학교,초등학교,2019-03-01,공립,경기도 화성시 목동 482,127.1243164,37.18938961
다원초등학교,초등학교,2018-09-01,공립,경기도 화성시 영천동 894,127.1109577,37.21241845
정현초등학교,초등학교,2018-03-01,공립,경기도 화성시 산척동 720,127.1132706,37.17144705
한율초등학교,초등학교,2018-05-01,공립,경기도 화성시 목동 490,127.1226079,37.18641561
내리숲초등학교,초등학교,2024-09-01,공립,경기도 화성시 봉담읍 내리 557-1,126.9237352,37.2261718
청림초등학교,초등학교,2019-03-01,공립,경기도 화성시 산척동 704,127.1113568,37.17458716
솔빛중학교,중학교,2007-09-01,공립,경기도 화성시 반송동 136,127.0722732,37.19618958
새봄초등학교,초등학교,2021-03-01,공립,경기도 화성시 병점동 756-263,127.0297732,37.20146282
이솔고등학교,고등학교,2022-03-01,공립,경기도 화성시 동탄면 산척동 731,127.1111377,37.16650771
능동초등학교,초등학교,2008-03-01,공립,경기도 화성시 능동 1085,127.058872,37.21331507
화성고등학교,고등학교,1979-03-05,사립,경기도 화성시 향남읍 장짐리 161,126.9064904,37.13902926
송산고등학교,고등학교,1961-04-08,사립,경기도 화성시 송산면 사강리 625,126.7382371,37.2164646
하남풍산초등학교,초등학교,2008-03-01,공립,경기도 하남시 덕풍동 730,127.2013921,37.5543847
미사강변초등학교,초등학교,2014-09-01,공립,경기도 하남시 선동 424,127.1860041,37.57582425
하남경영고등학교,고등학교,1995-04-06,공립,경기도 하남시 창우동 521-2,127.2260188,37.53845212
위례초등학교,초등학교,2015-11-09,공립,경기도 하남시 학암동 665,127.1494139,37.47713024
덕풍중학교,중학교,2009-03-01,공립,경기도 하남시 덕풍동 760,127.1992248,37.55369803
신우초등학교,초등학교,2021-09-01,공립,경기도 하남시 감일동 532,127.1611646,37.5108164
신장초등학교,초등학교,1982-07-21,공립,경기도 하남시 신장동 422-10,127.2080043,37.54267108
미사중앙초등학교,초등학교,2015-04-30,공립,경기도 하남시 망월동 1180,127.1988697,37.5592925
청아초등학교,초등학교,2016-10-04,공립,경기도 하남시 풍산동 561,127.1941911,37.55870172
서부초등학교,초등학교,1936-03-20,공립,경기도 하남시 감일동 14-8,127.1620385,37.51574263
감일초등학교,초등학교,2019-09-01,공립,경기도 하남시 감이동 533,127.1620609,37.50023416
남한고등학교,고등학교,1962-01-27,공립,경기도 하남시 덕풍동 450,127.2030129,37.5360184
신평중학교,중학교,2006-03-01,공립,경기도 하남시 신장동 214-3,127.21401,37.5441467
감일고등학교,고등학교,2021-03-01,공립,경기도 하남시 감이동 450,127.1600938,37.50941102
은가람중학교,중학교,2015-05-01,공립,경기도 하남시 선동 414,127.1770332,37.57599104
덕풍초등학교,초등학교,1992-09-01,공립,경기도 하남시 덕풍동 360-21,127.1975011,37.54067674
신장중학교,중학교,1994-03-01,공립,경기도 하남시 신장동 527-1,127.218857,37.54312025
미사강변중학교,중학교,2014-07-01,공립,경기도 하남시 선동 420,127.1856213,37.57788767
동성고등공민학교,중학교,1967-03-02,사립,경기도 하남시 광암동 342,127.1723389,37.51239143
신평초등학교,초등학교,2005-09-01,공립,경기도 하남시 신장동 216,127.2151286,37.54424461
창우초등학교,초등학교,1995-03-06,공립,경기도 하남시 창우동 518-2,127.2237555,37.54065829
하남중학교,중학교,1994-06-07,공립,경기도 하남시 창우동 521-5,127.2229362,37.53645843
하남천현초등학교,초등학교,1994-05-01,공립,경기도 하남시 신장동 529,127.2161188,37.53808695
미사중학교,중학교,2015-05-01,공립,경기도 하남시 망월동 1181,127.1996957,37.55852287
미사고등학교,고등학교,2015-05-06,공립,경기도 하남시 망월동 933,127.1933009,37.57050336
감일백제중학교,중학교,2023-03-01,공립,경기도 하남시 감일동 459-5,127.1509199,37.50986274
망월초등학교,초등학교,1960-01-25,공립,경기도 하남시 망월동 1025,127.1806492,37.57083433
산곡초등학교,초등학교,1948-05-01,공립,경기도 하남시 하산곡동 431-6,127.2345321,37.5040936
하남초등학교,초등학교,1995-03-06,공립,경기도 하남시 창우동 520-6,127.2221663,37.53742616
윤슬초등학교,초등학교,2016-04-28,공립,경기도 하남시 망월동 1046,127.1825138,37.56367073
윤슬중학교,중학교,2016-04-01,공립,경기도 하남시 망월동 1045,127.1815823,37.56342548
감일중학교,중학교,2019-09-01,공립,경기도 하남시 감이동 532,127.1623407,37.50118776
단샘초등학교,초등학교,2021-03-01,공립,경기도 하남시 감이동 455,127.1587193,37.50704058
남한중학교,중학교,1960-02-10,공립,경기도 하남시 신장동 367-5,127.2092757,37.54274227
한국애니메이션고등학교,고등학교,2000-03-08,공립,경기도 하남시 창우동 523-4,127.2274873,37.53493189
미사초등학교,초등학교,2014-07-01,공립,경기도 하남시 망월동 935,127.1928073,37.571288
한홀초등학교,초등학교,2016-04-22,공립,경기도 하남시 풍산동 483,127.1853152,37.55637026
풍산고등학교,고등학교,2012-03-01,공립,경기도 하남시 덕풍동 778,127.1996871,37.55113292
동부초등학교,초등학교,1934-04-01,공립,경기도 하남시 덕풍동 427,127.2021348,37.53748386
미사강변고등학교,고등학교,2016-06-07,공립,경기도 하남시 선동 418,127.1837309,37.5777571
위례중학교,중학교,2016-05-04,공립,경기도 하남시 학암동 664,127.1483118,37.47721139
위례고등학교,고등학교,2016-03-01,공립,경기도 하남시 학암동 666,127.1508832,37.47687541
나룰초등학교,초등학교,2010-03-01,공립,경기도 하남시 덕풍동 803,127.209193,37.54855826
하남고등학교,고등학교,1970-03-18,사립,경기도 하남시 망월동 778-1,127.1856182,37.5603837
동부중학교,중학교,1981-11-26,공립,경기도 하남시 덕풍동 450-1,127.202479,37.53549666
위례숲초등학교,초등학교,2021-04-30,공립,경기도 하남시 학암동 643,127.1583387,37.48537694
신장고등학교,고등학교,2005-03-01,공립,경기도 하남시 신장동 369,127.2096778,37.54382753
일신여자상업고등학교,고등학교,1958-04-06,사립,서울특별시 송파구 송파동 99-2,127.1142413,37.50179413
서울토성초등학교,초등학교,1984-04-21,공립,서울특별시 송파구 풍납동 251,127.1156331,37.53188286
문현고등학교,고등학교,2010-03-01,공립,서울특별시 송파구 장지동 838,127.1287623,37.48131355
풍납중학교,중학교,1983-04-11,공립,서울특별시 송파구 풍납동 390,127.1156283,37.52536544
서울잠동초등학교,초등학교,1980-09-29,공립,서울특별시 송파구 신천동 7-2,127.099931,37.51833846
영파여자고등학교,고등학교,1967-10-28,사립,서울특별시 송파구 풍납동 501,127.1197395,37.53273562
정신여자중학교,중학교,1887-10-20,사립,서울특별시 송파구 잠실동 50-4,127.0738473,37.50945384
서울송파초등학교,초등학교,1985-10-21,공립,서울특별시 송파구 송파동 114,127.111119,37.50713737
거원중학교,중학교,1998-04-06,공립,서울특별시 송파구 거여동 296,127.1465491,37.48772386
서울가원초등학교,초등학교,1988-12-08,공립,서울특별시 송파구 문정동 150-10,127.1110274,37.48944215
서울영풍초등학교,초등학교,1982-10-10,공립,서울특별시 송파구 거여동 12,127.1430148,37.49622
아주중학교,중학교,1987-05-01,공립,서울특별시 송파구 잠실동 115,127.0765497,37.50523028
서울가락초등학교,초등학교,1981-09-09,공립,서울특별시 송파구 가락동 477,127.1076425,37.50002115
서울해누리초등학교,초등학교,2019-03-01,공립,서울특별시 송파구 가락동 909,127.1021917,37.49824966
서울거원초등학교,초등학교,1997-11-07,공립,서울특별시 송파구 거여동 296-1,127.144909,37.48762503
오금중학교,중학교,1987-04-21,공립,서울특별시 송파구 오금동 34,127.1288011,37.50527064
정신여자고등학교,고등학교,1987-10-20,사립,서울특별시 송파구 잠실동 50-4,127.0738473,37.50945384
가락중학교,중학교,1986-05-06,공립,서울특별시 송파구 송파동 168,127.1187527,37.50248553
방산중학교,중학교,1991-05-06,공립,서울특별시 송파구 방이동 220,127.1218756,37.50937287
서울거여초등학교,초등학교,1967-11-23,공립,서울특별시 송파구 오금동 108,127.1409011,37.50516942
서울문정초등학교,초등학교,1985-04-17,공립,서울특별시 송파구 문정동 12,127.1290135,37.48907284
문현중학교,중학교,2009-04-16,공립,서울특별시 송파구 장지동 838-3,127.1279464,37.48058417
가락고등학교,고등학교,1989-04-28,공립,서울특별시 송파구 송파동 172,127.1164258,37.50107579
영파여자중학교,중학교,1967-10-28,사립,서울특별시 송파구 풍납동 501,127.1197395,37.53273562
서울아주초등학교,초등학교,1987-04-24,공립,서울특별시 송파구 잠실동 115,127.075764,37.50582689
서울신천초등학교,초등학교,1959-05-26,공립,서울특별시 송파구 잠실동 27-5,127.0950476,37.5140111
서울남천초등학교,초등학교,1984-05-03,공립,서울특별시 송파구 마천동 53,127.1507951,37.50144683
송파중학교,중학교,1978-10-10,공립,서울특별시 송파구 가락동 139,127.1299138,37.49592462
잠실중학교,중학교,1980-05-06,공립,서울특별시 송파구 신천동 7-1,127.0986662,37.51781757
서울잠실초등학교,초등학교,1975-10-31,공립,서울특별시 송파구 신천동 20-2,127.1113114,37.52010753
석촌중학교,중학교,1982-01-07,공립,서울특별시 송파구 가락동 43,127.1211174,37.50145499
창덕여자고등학교,고등학교,1941-04-22,공립,서울특별시 송파구 방이동 89-6,127.1402736,37.51624351
가원중학교,중학교,1988-12-24,공립,서울특별시 송파구 가락동 106-3,127.1231711,37.49099949
서울세륜초등학교,초등학교,1989-04-19,공립,서울특별시 송파구 방이동 89-23,127.1341633,37.51855781
서울잠일초등학교,초등학교,1976-10-01,공립,서울특별시 송파구 잠실동 19-1,127.0816362,37.51474166
서울가주초등학교,초등학교,1996-11-08,공립,서울특별시 송파구 가락동 140-6,127.1292617,37.49656722
보성고등학교,고등학교,1906-09-05,사립,서울특별시 송파구 방이동 89-22,127.1357293,37.52008989
서울체육고등학교,고등학교,1971-03-20,공립,서울특별시 송파구 방이동 88-14,127.1298226,37.52233038
덕수고등학교,고등학교,1910-04-13,공립,서울특별시 송파구 거여동 652,127.1468965,37.48528924
문정중학교,중학교,1990-01-20,공립,서울특별시 송파구 문정동 12-1,127.1300209,37.48848095
잠실고등학교,고등학교,1983-04-04,공립,서울특별시 송파구 신천동 17-1,127.106515,37.52293043
배명중학교,중학교,1934-10-07,사립,서울특별시 송파구 삼전동 172-1,127.0958118,37.4976895
서울위례솔초등학교,초등학교,2022-03-01,공립,서울특별시 송파구 거여동 649,127.1505867,37.48701307
서울문덕초등학교,초등학교,1993-10-26,공립,서울특별시 송파구 문정동 90-3,127.127729,37.48518009
오주중학교,중학교,1984-09-01,공립,서울특별시 송파구 오금동 59,127.1362653,37.50150661
잠실여자고등학교,고등학교,1983-05-13,사립,서울특별시 송파구 송파동 99-2,127.1142413,37.50179413
위례솔중학교,중학교,2022-05-01,공립,서울특별시 송파구 거여동 649,127.1505867,37.48701307
서울버들초등학교,초등학교,2007-11-29,공립,서울특별시 송파구 잠실동 35-6,127.0889992,37.51028143
신천중학교,중학교,1975-11-14,공립,서울특별시 송파구 잠실동 19-4,127.0792834,37.51625001
잠신고등학교,고등학교,1988-12-23,공립,서울특별시 송파구 잠실동 22-2,127.088283,37.51470129
서울마천초등학교,초등학교,1978-05-04,공립,서울특별시 송파구 마천동 183-4,127.1526295,37.49550545
서울오륜초등학교,초등학교,1989-04-19,공립,서울특별시 송파구 방이동 89-16,127.1345763,37.51242411
오금고등학교,고등학교,1988-04-21,공립,서울특별시 송파구 오금동 34-3,127.128969,37.50453217
서울오금초등학교,초등학교,1993-07-20,공립,서울특별시 송파구 오금동 7,127.1323312,37.50886634
배명고등학교,고등학교,1934-10-07,사립,서울특별시 송파구 삼전동 172-1,127.0958118,37.4976895
서울방이초등학교,초등학교,1982-04-04,공립,서울특별시 송파구 방이동 167,127.1204994,37.51343915
방이중학교,중학교,1985-04-12,공립,서울특별시 송파구 방이동 53,127.1132445,37.51501058
보인고등학교,고등학교,1908-06-08,사립,서울특별시 송파구 오금동 162,127.1395178,37.4975692
서울개롱초등학교,초등학교,2008-05-01,공립,서울특별시 송파구 오금동 159,127.1398881,37.49736261
서울풍납초등학교,초등학교,1980-08-01,공립,서울특별시 송파구 풍납동 165,127.1172037,37.53440483
문정고등학교,고등학교,2008-04-22,공립,서울특별시 송파구 문정동 90,127.1266921,37.4851785
서울가동초등학교,초등학교,1990-04-25,공립,서울특별시 송파구 가락동 163,127.1300159,37.49741227
보성중학교,중학교,1906-09-05,사립,서울특별시 송파구 방이동 89-22,127.1357293,37.52008989
서울신가초등학교,초등학교,1988-10-20,공립,서울특별시 송파구 가락동 43-1,127.1198778,37.5003628
서울잠현초등학교,초등학교,2008-10-27,공립,서울특별시 송파구 신천동 17-2,127.1047786,37.52258587
서울잠전초등학교,초등학교,1981-11-26,공립,서울특별시 송파구 잠실동 229,127.0838499,37.50733791
서울문현초등학교,초등학교,2007-12-06,공립,서울특별시 송파구 장지동 836,127.1302223,37.48279092
서울체육중학교,중학교,2004-03-01,공립,서울특별시 송파구 방이동 88-14,127.1298226,37.52233038
서울풍성초등학교,초등학교,1991-04-24,공립,서울특별시 송파구 풍납동 388-8,127.1134884,37.52629486
서울석촌초등학교,초등학교,1990-05-10,공립,서울특별시 송파구 석촌동 267,127.1052122,37.50263063
풍성중학교,중학교,1991-04-30,공립,서울특별시 송파구 풍납동 388-16,127.1128839,37.52543858
서울송전초등학교,초등학교,1978-10-31,공립,서울특별시 송파구 잠실동 44-2,127.0951265,37.50881326
서울중대초등학교,초등학교,1924-11-13,공립,서울특별시 송파구 송파동 191,127.1136055,37.4998119
보인중학교,중학교,1908-06-08,사립,서울특별시 송파구 오금동 162,127.1395178,37.4975692
서울송례초등학교,초등학교,2014-05-01,공립,서울특별시 송파구 장지동 898,127.1384402,37.4778913
서울삼전초등학교,초등학교,1983-10-07,공립,서울특별시 송파구 삼전동 63,127.0932689,37.50169984
영동일고등학교,고등학교,1978-03-24,사립,서울특별시 송파구 잠실동 35-1,127.089867,37.51003447
잠실여자중학교,중학교,1974-03-01,사립,서울특별시 송파구 송파동 99-2,127.1142413,37.50177714
송례중학교,중학교,2014-05-01,공립,서울특별시 송파구 장지동 899,127.1397415,37.47783301
서울위례별초등학교,초등학교,2016-05-04,공립,서울특별시 송파구 장지동 886,127.1450416,37.47908713
서울평화초등학교,초등학교,1992-10-21,공립,서울특별시 송파구 가락동 106,127.1228237,37.49156712
서울잠신초등학교,초등학교,1981-10-17,공립,서울특별시 송파구 잠실동 22-4,127.0879435,37.51411407
서울방산초등학교,초등학교,1992-09-01,공립,서울특별시 송파구 방이동 220-4,127.1210892,37.50955532
잠신중학교,중학교,1984-04-25,공립,서울특별시 송파구 잠실동 22-1,127.087802,37.51613937
잠일고등학교,고등학교,2012-05-06,공립,서울특별시 송파구 잠실동 19-2,127.0825552,37.514521
방산고등학교,고등학교,2003-09-30,공립,서울특별시 송파구 방이동 220-5,127.1204696,37.50831315
해누리중학교,중학교,2019-03-01,공립,서울특별시 송파구 가락동 909,127.1021919,37.49824464
서울인공지능고등학교,고등학교,1991-03-01,공립,서울특별시 송파구 거여동 331,127.1423309,37.49175309
세륜중학교,중학교,1992-04-22,공립,서울특별시 송파구 오금동 7-3,127.1312464,37.50893314
오륜중학교,중학교,1989-04-18,공립,서울특별시 송파구 방이동 89-7,127.1389238,37.51632395
성남중앙초등학교,초등학교,1978-12-05,공립,경기도 성남시 중원구 성남동 2580,127.1435588,37.43625492
상대원초등학교,초등학교,2002-10-02,공립,경기도 성남시 중원구 상대원동 54,127.181591,37.4423833
서현중학교,중학교,1991-10-02,공립,경기도 성남시 분당구 서현동 96-1,127.1335296,37.3807546
늘푸른초등학교,초등학교,2003-01-13,공립,경기도 성남시 분당구 정자동 178-5,127.1056708,37.35833354
성보경영고등학교,고등학교,1980-04-21,사립,경기도 성남시 수정구 단대동 5,127.1585265,37.46184664
양영중학교,중학교,1949-06-01,공립,경기도 성남시 분당구 서현동 293,127.1359747,37.37652556
초림초등학교,초등학교,1992-05-01,공립,경기도 성남시 분당구 수내동 35,127.1175924,37.37682557
성남화랑초등학교,초등학교,2013-09-12,공립,경기도 성남시 분당구 백현동 547,127.1158892,37.39022385
보평중학교,중학교,2009-09-01,공립,경기도 성남시 분당구 백현동 543,127.1157671,37.39395033
성일중학교,중학교,1974-06-07,사립,경기도 성남시 중원구 성남동 2876,127.1448205,37.43487853
야탑고등학교,고등학교,1986-12-05,사립,경기도 성남시 분당구 야탑동 145-3,127.1535645,37.40376833
검단초등학교,초등학교,1971-11-02,공립,경기도 성남시 중원구 하대원동 123,127.144034,37.42948258
불정초등학교,초등학교,1994-06-01,공립,경기도 성남시 분당구 정자동 203,127.1194969,37.36125574
성남수정초등학교,초등학교,1969-11-03,공립,경기도 성남시 수정구 수진동 4347,127.1327837,37.43621121
탄천초등학교,초등학교,1995-05-01,공립,경기도 성남시 분당구 정자동 195,127.1156357,37.36159606
금빛초등학교,초등학교,1973-09-01,공립,경기도 성남시 수정구 태평동 7289,127.1405553,37.44734641
태원고등학교,고등학교,1987-03-05,사립,경기도 성남시 분당구 야탑동 754-1,127.1290213,37.40391632
백현중학교,중학교,1995-03-01,공립,경기도 성남시 분당구 정자동 77,127.1106623,37.37132024
위례고운초등학교,초등학교,2016-06-05,공립,경기도 성남시 수정구 창곡동 511,127.1457743,37.47148964
위례한빛중학교,중학교,2016-03-01,공립,경기도 성남시 수정구 창곡동 568,127.1486362,37.46797483
위례푸른초등학교,초등학교,2016-05-01,공립,경기도 성남시 수정구 창곡동 518,127.1509587,37.47073159
위례한빛고등학교,고등학교,2016-03-01,공립,경기도 성남시 수정구 창곡동 574,127.1500063,37.46721061
당촌초등학교,초등학교,1991-03-01,공립,경기도 성남시 분당구 분당동 36,127.131262,37.37368941
양영초등학교,초등학교,1994-09-30,공립,경기도 성남시 분당구 서현동 319,127.1400905,37.37465969
도촌중학교,중학교,2008-03-01,공립,경기도 성남시 중원구 도촌동 637,127.1542449,37.41676815
중원초등학교,초등학교,1971-09-01,공립,경기도 성남시 중원구 상대원동 153,127.1678574,37.43785528
상원여자중학교,중학교,1981-03-24,공립,경기도 성남시 수정구 단대동 57,127.1580691,37.45701189
상원초등학교,초등학교,1971-09-01,공립,경기도 성남시 중원구 은행동 421,127.1627759,37.45388421
내정초등학교,초등학교,1992-06-01,공립,경기도 성남시 분당구 수내동 57,127.122265,37.3724032
성남신흥초등학교,초등학교,1991-09-01,공립,경기도 성남시 수정구 신흥동 47-3,127.1434705,37.45057746
숭신여자고등학교,고등학교,1973-03-03,사립,경기도 성남시 중원구 금광동 2686,127.1700177,37.45026861
늘푸른중학교,중학교,2005-03-01,공립,경기도 성남시 분당구 정자동 178-6,127.1051176,37.35739426
중탑초등학교,초등학교,1993-06-01,공립,경기도 성남시 분당구 야탑동 212,127.1396854,37.41392399
백현초등학교,초등학교,1994-02-28,공립,경기도 성남시 분당구 정자동 76,127.1111656,37.37219331
태평초등학교,초등학교,1984-03-20,공립,경기도 성남시 수정구 태평동 3743,127.1316938,37.44495416
성남서중학교,중학교,1971-01-30,공립,경기도 성남시 수정구 단대동 189,127.1541109,37.44911542
돌마고등학교,고등학교,2001-01-05,공립,경기도 성남시 분당구 이매동 265,127.1321643,37.39327801
낙생초등학교,초등학교,1922-05-01,공립,경기도 성남시 분당구 판교동 551,127.0989134,37.39430405
동광고등학교,고등학교,1976-06-18,사립,경기도 성남시 중원구 성남동 2876-1,127.1434964,37.43463362
분당대진고등학교,고등학교,1994-02-01,사립,경기도 성남시 분당구 분당동 72,127.1381475,37.36941233
분당중앙고등학교,고등학교,1994-03-01,공립,경기도 성남시 분당구 정자동 220,127.1246258,37.36064712
낙원중학교,중학교,2010-03-01,공립,경기도 성남시 분당구 판교동 518,127.0961776,37.39919048
장안중학교,중학교,1994-02-28,공립,경기도 성남시 분당구 분당동 114,127.1466861,37.37142116
이우중학교,중학교,2003-09-01,사립,경기도 성남시 분당구 동원동 157-1,127.090941,37.35324326
중부초등학교,초등학교,2000-03-01,공립,경기도 성남시 중원구 은행동 1932-7,127.1649507,37.45154694
희망대초등학교,초등학교,1971-09-22,공립,경기도 성남시 수정구 신흥동 1232,127.1491148,37.44749919
서당초등학교,초등학교,1993-03-01,공립,경기도 성남시 분당구 서현동 303,127.1345888,37.37460238
분당경영고등학교,고등학교,1995-05-08,공립,경기도 성남시 분당구 금곡동 123,127.1096108,37.35502581
샛별중학교,중학교,2008-03-01,공립,경기도 성남시 분당구 수내동 164-3,127.1299286,37.36813084
성남동초등학교,초등학교,1977-12-30,공립,경기도 성남시 중원구 금광동 3365,127.1621785,37.4492524
운중중학교,중학교,2009-03-01,공립,경기도 성남시 분당구 운중동 950,127.0736017,37.39124417
금광중학교,중학교,1994-03-01,공립,경기도 성남시 중원구 금광동 2414,127.1716429,37.44660311
보평초등학교,초등학교,2009-09-01,공립,경기도 성남시 분당구 삼평동 743,127.1177564,37.39603837
보평고등학교,고등학교,2010-03-01,공립,경기도 성남시 분당구 백현동 544,127.1176047,37.39419168
계원예술고등학교,고등학교,1980-10-10,사립,경기도 성남시 분당구 정자동 207,127.1155061,37.35836192
늘푸른고등학교,고등학교,2004-03-01,공립,경기도 성남시 분당구 정자동 6-3,127.1053275,37.37332701
서현고등학교,고등학교,1991-10-04,공립,경기도 성남시 분당구 서현동 91-1,127.1240595,37.38222205
성남정자초등학교,초등학교,2004-03-01,공립,경기도 성남시 분당구 정자동 6-2,127.1049139,37.37451655
운중초등학교,초등학교,2009-05-01,공립,경기도 성남시 분당구 운중동 893,127.0689381,37.39241921
성일고등학교,고등학교,1973-06-20,사립,경기도 성남시 중원구 성남동 2876,127.1448205,37.43487853
이우고등학교,고등학교,2003-09-01,사립,경기도 성남시 분당구 동원동 157-1,127.090941,37.35324326
분당영덕여자고등학교,고등학교,1986-09-10,사립,경기도 성남시 분당구 야탑동 455,127.1394071,37.40529859
신백현중학교,중학교,2010-03-01,공립,경기도 성남시 분당구 백현동 566,127.1102903,37.38628783
내정중학교,중학교,1993-05-20,공립,경기도 성남시 분당구 수내동 64,127.1194777,37.37073068
성남은행초등학교,초등학교,1981-06-01,공립,경기도 성남시 중원구 은행동 652,127.1709005,37.46100227
하원초등학교,초등학교,1983-06-22,공립,경기도 성남시 중원구 금광동 2412,127.1702362,37.44625438
성남문원중학교,중학교,1983-01-22,공립,경기도 성남시 수정구 단대동 10,127.1574144,37.46091703
단남초등학교,초등학교,1982-12-30,공립,경기도 성남시 중원구 금광동 210,127.161375,37.44290368
불곡고등학교,고등학교,1997-03-01,공립,경기도 성남시 분당구 구미동 91,127.1185237,37.34848033
수내중학교,중학교,1992-09-01,공립,경기도 성남시 분당구 수내동 78,127.1261902,37.37098934
야탑초등학교,초등학교,1993-03-01,공립,경기도 성남시 분당구 야탑동 333,127.1256267,37.41661561
대일초등학교,초등학교,1988-12-27,공립,경기도 성남시 중원구 상대원동 2511,127.1641844,37.43846881
성남미금초등학교,초등학교,1995-06-01,공립,경기도 성남시 분당구 구미동 68,127.1153003,37.34742048
불곡중학교,중학교,1995-04-01,공립,경기도 성남시 분당구 구미동 92,127.119915,37.34745932
양영디지털고등학교,고등학교,1955-04-27,공립,경기도 성남시 분당구 서현동 316,127.1400112,37.37401753
성일정보고등학교,고등학교,1973-06-20,사립,경기도 성남시 중원구 성남동 2876,127.1448205,37.43487853
삼평중학교,중학교,2009-03-01,공립,경기도 성남시 분당구 삼평동 727,127.1157402,37.40060747
성남여자고등학교,고등학교,1972-03-24,공립,경기도 성남시 중원구 성남동 2877,127.1446087,37.43615488
판교초등학교,초등학교,2010-05-04,공립,경기도 성남시 분당구 판교동 636,127.0914433,37.38728227
성남제일초등학교,초등학교,1969-11-03,공립,경기도 성남시 중원구 중앙동 2970,127.1496107,37.43890676
이매고등학교,고등학교,1993-10-02,공립,경기도 성남시 분당구 이매동 147,127.1209492,37.39240095
성남양지초등학교,초등학교,2004-03-01,공립,경기도 성남시 수정구 양지동 386,127.1608837,37.45921737
성남외국어고등학교,고등학교,2006-03-01,공립,경기도 성남시 분당구 백현동 376-1,127.0965798,37.37860539
대하초등학교,초등학교,1987-01-31,공립,경기도 성남시 중원구 하대원동 167-2,127.1513041,37.43190777
태평중학교,중학교,1998-03-01,공립,경기도 성남시 수정구 태평동 5140,127.1288292,37.44667267
오리초등학교,초등학교,1994-11-01,공립,경기도 성남시 분당구 구미동 115,127.1153656,37.34435285
성남북초등학교,초등학교,1982-03-09,공립,경기도 성남시 수정구 산성동 2137,127.1514735,37.45149984
분당중학교,중학교,1995-06-05,공립,경기도 성남시 분당구 정자동 153,127.1110695,37.36090634
수내고등학교,고등학교,1996-03-07,공립,경기도 성남시 분당구 수내동 120,127.1298639,37.36611486
분당아람고등학교,고등학교,1994-06-07,공립,경기도 성남시 분당구 야탑동 216,127.1386738,37.41377813
성남신기초등학교,초등학교,1952-04-05,공립,경기도 성남시 분당구 정자동 89,127.1110596,37.36658192
성남여자중학교,중학교,1971-12-13,공립,경기도 성남시 수정구 신흥동 47-1,127.1427174,37.45023391
수진중학교,중학교,2008-03-01,공립,경기도 성남시 수정구 수진동 4674,127.1236376,37.43711701
불곡초등학교,초등학교,1996-03-02,공립,경기도 성남시 분당구 구미동 241,127.1197315,37.34098363
한솔초등학교,초등학교,1994-06-01,공립,경기도 성남시 분당구 정자동 113,127.1180159,37.36677602
성남초등학교,초등학교,1936-04-10,공립,경기도 성남시 수정구 태평동 7326,127.144146,37.44608455
수진초등학교,초등학교,1970-11-30,공립,경기도 성남시 수정구 태평동 3756,127.1334651,37.44494388
구미초등학교,초등학교,1995-07-01,공립,경기도 성남시 분당구 구미동 215,127.1183073,37.33776429
정자중학교,중학교,1994-05-01,공립,경기도 성남시 분당구 정자동 123,127.1101466,37.3653198
판교중학교,중학교,2009-03-01,공립,경기도 성남시 분당구 판교동 633,127.0875578,37.38722313
성남매송초등학교,초등학교,1991-03-01,공립,경기도 성남시 분당구 이매동 136,127.1224032,37.40218357
성남테크노과학고등학교,고등학교,1998-01-15,공립,경기도 성남시 중원구 하대원동 153,127.1477126,37.42762312
효성고등학교,고등학교,1953-04-21,사립,경기도 성남시 수정구 심곡동 321,127.1040748,37.4502211
야탑중학교,중학교,1993-03-01,공립,경기도 성남시 분당구 야탑동 336,127.1312341,37.41612945
영성중학교,중학교,1985-12-18,공립,경기도 성남시 중원구 하대원동 150,127.147292,37.42721098
도촌초등학교,초등학교,2008-03-01,공립,경기도 성남시 중원구 도촌동 646,127.1580222,37.41472797
상탑초등학교,초등학교,1993-02-28,공립,경기도 성남시 분당구 야탑동 161,127.1456346,37.40620861
돌마초등학교,초등학교,1934-10-09,공립,경기도 성남시 분당구 야탑동 515,127.1303783,37.40909939
이매중학교,중학교,1992-09-01,공립,경기도 성남시 분당구 이매동 102,127.1260549,37.40192933
대원중학교,중학교,1983-06-22,공립,경기도 성남시 중원구 금광동 2422,127.1725632,37.44763955
낙생고등학교,고등학교,1975-11-14,사립,경기도 성남시 분당구 판교동 649,127.1003748,37.38610469
매송중학교,중학교,1994-03-01,공립,경기도 성남시 분당구 이매동 145,127.1233688,37.39673763
복정고등학교,고등학교,2010-03-01,공립,경기도 성남시 수정구 복정동 144-1,127.1372794,37.46152833
복정초등학교,초등학교,1967-03-18,공립,경기도 성남시 수정구 복정동 665,127.1303836,37.46247112
판교고등학교,고등학교,2011-03-01,공립,경기도 성남시 분당구 삼평동 706,127.1147726,37.40514882
숭신여자중학교,중학교,1971-05-28,사립,경기도 성남시 중원구 금광동 2686,127.1700177,37.45026861
하탑초등학교,초등학교,1993-07-01,공립,경기도 성남시 분당구 야탑동 531,127.1266127,37.4073264
이매초등학교,초등학교,1993-05-01,공립,경기도 성남시 분당구 이매동 112,127.1264932,37.39721014
청솔초등학교,초등학교,1994-02-28,공립,경기도 성남시 분당구 금곡동 131,127.1141001,37.35465808
성수초등학교,초등학교,1987-02-14,공립,경기도 성남시 수정구 수진동 4786,127.1272377,37.43376609
성남중학교,중학교,1995-03-01,공립,경기도 성남시 중원구 성남동 2872,127.1443208,37.43246198
풍생중학교,중학교,1966-11-19,사립,경기도 성남시 수정구 수진동 4511-1,127.1314146,37.43504295
신백현초등학교,초등학교,2010-05-04,공립,경기도 성남시 분당구 백현동 559,127.1117509,37.38757937
하탑중학교,중학교,1994-05-06,공립,경기도 성남시 분당구 야탑동 520,127.137175,37.40946211
풍생고등학교,고등학교,1974-01-05,사립,경기도 성남시 수정구 수진동 4511-1,127.1314146,37.43504295
송림고등학교,고등학교,1975-03-01,사립,경기도 성남시 분당구 이매동 378,127.1318098,37.39191272
동광중학교,중학교,1977-06-18,사립,경기도 성남시 중원구 성남동 2876-1,127.1434964,37.43463362
수내초등학교,초등학교,1993-01-11,공립,경기도 성남시 분당구 수내동 81,127.1246626,37.36776564
은행중학교,중학교,1992-03-01,공립,경기도 성남시 중원구 은행동 550-6,127.1725674,37.45703332
송림중학교,중학교,1977-12-30,사립,경기도 성남시 분당구 이매동 378,127.1318098,37.39191272
왕남초등학교,초등학교,1945-06-15,공립,경기도 성남시 수정구 고등동 589,127.0984126,37.42868223
안말초등학교,초등학교,1991-03-11,공립,경기도 성남시 분당구 이매동 118,127.1259824,37.39315429
분당초등학교,초등학교,1954-11-20,공립,경기도 성남시 분당구 서현동 92-1,127.1296966,37.37898822
판교대장초등학교,초등학교,2021-06-01,공립,경기도 성남시 분당구 대장동 629,127.0697175,37.36825879
분당고등학교,고등학교,1992-10-02,공립,경기도 성남시 분당구 수내동 25,127.1160677,37.37563295
한솔고등학교,고등학교,1994-11-01,공립,경기도 성남시 분당구 정자동 115,127.1156884,37.36677616
금상초등학교,초등학교,1995-09-01,공립,경기도 성남시 중원구 금광동 1645,127.1659942,37.44355007
창성중학교,중학교,2017-06-07,공립,경기도 성남시 수정구 산성동 3,127.1540897,37.46072562
성남장안초등학교,초등학교,1994-05-01,공립,경기도 성남시 분당구 분당동 91,127.1444594,37.37266155
서현초등학교,초등학교,1991-09-01,공립,경기도 성남시 분당구 서현동 87-1,127.12855,37.38257622
단대초등학교,초등학교,1974-11-30,공립,경기도 성남시 수정구 단대동 77,127.1577469,37.45368807
판교대장중학교,중학교,2021-06-01,공립,경기도 성남시 분당구 대장동 629,127.0697175,37.36827897
성남여수초등학교,초등학교,2014-05-01,공립,경기도 성남시 중원구 여수동 577,127.1330812,37.41945097
성남송현초등학교,초등학교,2009-03-01,공립,경기도 성남시 분당구 삼평동 710,127.1163459,37.40545218
성남서초등학교,초등학교,1978-12-05,공립,경기도 성남시 수정구 태평동 5090-1,127.1294194,37.44854378
산운초등학교,초등학교,2009-03-01,공립,경기도 성남시 분당구 운중동 927,127.079026,37.38975272
성남동중학교,중학교,1981-01-17,공립,경기도 성남시 중원구 금광동 3214,127.1641774,37.44873911
구미중학교,중학교,2003-03-01,공립,경기도 성남시 분당구 구미동 299-1,127.1236076,37.34634609
위례한빛초등학교,초등학교,2016-05-01,공립,경기도 성남시 수정구 창곡동 570,127.1470188,37.46576542
위례중앙초등학교,초등학교,2016-10-28,공립,경기도 성남시 수정구 창곡동 502,127.1358729,37.47189037
성남고등학교,고등학교,1972-03-06,공립,경기도 성남시 중원구 성남동 2870,127.1471687,37.43400578
운중고등학교,고등학교,2010-03-01,공립,경기도 성남시 분당구 운중동 957,127.0736445,37.39280433
위례중앙중학교,중학교,2016-05-09,공립,경기도 성남시 수정구 창곡동 503,127.1382118,37.47188409
